{"cameraMode":{"drawMode":0,"name":"Shaded","section":"Shading Mode"},"sceneLighting":false,"audioPlay":false,"sceneViewState":{"showFog":true,"showMaterialUpdate":false,"showSkybox":false,"showFlares":true,"showImageEffects":true,"showParticleSystems":true},"in2DMode":false,"pivot":{"x":0.7823370099067688,"y":-1.0621681213378907,"z":-3.323685646057129},"rotation":{"x":0.1714598387479782,"y":0.6968632936477661,"z":-0.17742596566677094,"w":0.6734325289726257},"size":10.0,"orthographic":false}